DELETE FROM employee_allocation;
DELETE FROM planned_activity;
DELETE FROM teaching_activity;
DELETE FROM course_instance;
DELETE FROM course_layout;
DELETE FROM employee;
DELETE FROM person;
DELETE FROM job_title;

-- ============================================================
-- 1. JOB TITLES
-- ============================================================
INSERT INTO job_title (id, job_title) VALUES
(1,'Lecturer'),
(2,'Ass. Professor'),
(3,'PhD Student'),
(4,'TA');

-- ============================================================
-- 2. PERSONS
-- ============================================================
INSERT INTO person (id, personal_number, first_name, last_name) VALUES
(1,'19900101-1001','Niharika','Gauraha'),
(2,'19851212-1002','Paris','Carbone'),
(3,'19920305-1003','Leif','Lindbäck'),
(4,'19891123-1004','Adam','Smith'),
(5,'19920514-1005','Brian','Johnson'),
(6,'19900111-1006','Maria','Lopez'),
(7,'19880505-1007','Eva','Khan'),
(8,'19910709-1008','John','Doe'),
(9,'19891212-1009','Sophia','Lee'),
(10,'19930303-1010','Michael','Brown'),
(11,'19910101-1011','Laura','Garcia'),
(12,'19900202-1012','David','Martinez'),
(13,'19900404-1013','Sarah','Wilson'),
(14,'19910505-1014','Daniel','Andersson'),
(15,'19920303-1015','Emma','Taylor'),
(16,'19890606-1016','Oliver','White'),
(17,'19910808-1017','Isabella','Hernandez'),
(18,'19920101-1018','Liam','Martinez'),
(19,'19930101-1019','Ava','Andersson'),
(20,'19891111-1020','Noah','Perez');

-- ============================================================
-- 3. EMPLOYEES
-- ============================================================
INSERT INTO employee (id, employment_id, salary, person_id, job_title_id) VALUES
(1,'500001',60000,1,1),
(2,'500002',62000,2,2),
(3,'500003',55000,3,1),
(4,'500004',50000,4,4),
(5,'500005',48000,5,3),
(6,'500006',53000,6,1),
(7,'500007',50000,7,1),
(8,'500008',47000,8,4),
(9,'500009',58000,9,2),
(10,'500010',60000,10,1),
(11,'500011',49000,11,3),
(12,'500012',52000,12,1),
(13,'500013',51000,13,1),
(14,'500014',50000,14,2),
(15,'500015',48000,15,1),
(16,'500016',47000,16,3),
(17,'500017',45000,17,4),
(18,'500018',53000,18,1),
(19,'500019',50000,19,2),
(20,'500020',49000,20,1);

-- ============================================================
-- 4. COURSE LAYOUTS
-- ============================================================
INSERT INTO course_layout (id, course_code, course_name, min_students, max_students, hp) VALUES
(1,'IV1351','Algorithms',10,200,7.5),
(2,'IX1500','Databases',10,180,7.5),
(3,'IV1350','Operating Systems',10,150,7.5),
(4,'IX1400','Networking',10,120,7.5),
(5,'IX1600','Software Eng.',10,160,7.5),
(6,'IV1401','AI',10,100,7.5),
(7,'IX1700','Security',10,130,7.5),
(8,'IV1500','Compilers',10,90,7.5),
(9,'IX1800','Web Dev',10,140,7.5),
(10,'IV1600','Mobile Apps',10,150,7.5),
(11,'IX1900','Cloud',10,120,7.5),
(12,'IV1700','ML',10,100,7.5),
(13,'IX2000','Data Sci',10,150,7.5),
(14,'IV1800','Big Data',10,130,7.5),
(15,'IX2100','Cybersecurity',10,110,7.5);

-- ============================================================
-- 5. COURSE INSTANCES (90 rows)
-- ============================================================
INSERT INTO course_instance (id, instance_id, num_students, study_period, study_year, course_layout_id) VALUES
-- 2025
(1,'2025-50001',150,'P2','2025',1),
(2,'2025-50002',130,'P1','2025',2),
(3,'2025-50003',120,'P2','2025',3),
(4,'2025-50004',100,'P3','2025',4),
(5,'2025-50005',90,'P3','2025',5),
(6,'2025-50006',80,'P2','2025',6),
(7,'2025-50007',110,'P1','2025',7),
(8,'2025-50008',95,'P2','2025',8),
(9,'2025-50009',130,'P3','2025',9),
(10,'2025-50010',140,'P3','2025',10),
(11,'2025-50011',120,'P2','2025',11),
(12,'2025-50012',100,'P1','2025',12),
(13,'2025-50013',110,'P2','2025',13),
(14,'2025-50014',115,'P3','2025',14),
(15,'2025-50015',90,'P3','2025',15),
-- 2024
(16,'2024-50001',140,'P1','2024',1),
(17,'2024-50002',120,'P2','2024',2),
(18,'2024-50003',110,'P3','2024',3),
(19,'2024-50004',130,'P1','2024',4),
(20,'2024-50005',100,'P2','2024',5),
(21,'2024-50006',150,'P3','2024',6),
(22,'2024-50007',135,'P1','2024',7),
(23,'2024-50008',115,'P2','2024',8),
(24,'2024-50009',140,'P3','2024',9),
(25,'2024-50010',130,'P1','2024',10),
(26,'2024-50011',125,'P2','2024',11),
(27,'2024-50012',110,'P3','2024',12),
(28,'2024-50013',145,'P1','2024',13),
(29,'2024-50014',120,'P2','2024',14),
(30,'2024-50015',115,'P3','2024',15),
-- 2023
(31,'2023-50001',130,'P2','2023',1),
(32,'2023-50002',140,'P3','2023',2),
(33,'2023-50003',120,'P1','2023',3),
(34,'2023-50004',115,'P2','2023',4),
(35,'2023-50005',105,'P3','2023',5),
(36,'2023-50006',98,'P1','2023',6),
(37,'2023-50007',140,'P3','2023',7),
(38,'2023-50008',110,'P2','2023',8),
(39,'2023-50009',120,'P1','2023',9),
(40,'2023-50010',135,'P2','2023',10),
(41,'2023-50011',125,'P3','2023',11),
(42,'2023-50012',130,'P1','2023',12),
(43,'2023-50013',140,'P2','2023',13),
(44,'2023-50014',120,'P3','2023',14),
(45,'2023-50015',110,'P1','2023',15),
-- 2022
(46,'2022-50001',140,'P3','2022',1),
(47,'2022-50002',130,'P1','2022',2),
(48,'2022-50003',120,'P2','2022',3),
(49,'2022-50004',90,'P3','2022',4),
(50,'2022-50005',115,'P1','2022',5),
(51,'2022-50006',100,'P2','2022',6),
(52,'2022-50007',140,'P3','2022',7),
(53,'2022-50008',110,'P1','2022',8),
(54,'2022-50009',135,'P2','2022',9),
(55,'2022-50010',125,'P3','2022',10),
(56,'2022-50011',120,'P1','2022',11),
(57,'2022-50012',95,'P2','2022',12),
(58,'2022-50013',115,'P3','2022',13),
(59,'2022-50014',130,'P1','2022',14),
(60,'2022-50015',140,'P2','2022',15),
-- 2021
(61,'2021-50001',120,'P1','2021',1),
(62,'2021-50002',110,'P2','2021',2),
(63,'2021-50003',100,'P3','2021',3),
(64,'2021-50004',130,'P1','2021',4),
(65,'2021-50005',140,'P2','2021',5),
(66,'2021-50006',115,'P3','2021',6),
(67,'2021-50007',120,'P1','2021',7),
(68,'2021-50008',135,'P2','2021',8),
(69,'2021-50009',145,'P3','2021',9),
(70,'2021-50010',130,'P1','2021',10),
(71,'2021-50011',125,'P2','2021',11),
(72,'2021-50012',110,'P3','2021',12),
(73,'2021-50013',98,'P1','2021',13),
(74,'2021-50014',120,'P2','2021',14),
(75,'2021-50015',130,'P3','2021',15),
-- 2020
(76,'2020-50001',150,'P3','2020',1),
(77,'2020-50002',140,'P2','2020',2),
(78,'2020-50003',100,'P1','2020',3),
(79,'2020-50004',115,'P2','2020',4),
(80,'2020-50005',110,'P1','2020',5),
(81,'2020-50006',120,'P3','2020',6),
(82,'2020-50007',130,'P1','2020',7),
(83,'2020-50008',90,'P2','2020',8),
(84,'2020-50009',145,'P3','2020',9),
(85,'2020-50010',130,'P1','2020',10),
(86,'2020-50011',120,'P2','2020',11),
(87,'2020-50012',110,'P3','2020',12),
(88,'2020-50013',125,'P1','2020',13),
(89,'2020-50014',140,'P2','2020',14),
(90,'2020-50015',115,'P3','2020',15);

-- ============================================================
-- 6. TEACHING ACTIVITIES
-- ============================================================
INSERT INTO teaching_activity (id, activity_name, factor) VALUES
(1,'Lecture',1),
(2,'Tutorial',2),
(3,'Lab',2),
(4,'Seminar',1),
(5,'Admin',1),
(6,'Exam',1);

-- ============================================================
-- 7. PLANNED ACTIVITIES
-- ============================================================
INSERT INTO planned_activity (id, teaching_activity_id, course_layout_id, planned_hours) VALUES
(1,1,1,50),(2,2,1,40),(3,3,1,30),(4,4,1,20),
(5,1,2,45),(6,2,2,35),(7,4,2,25),
(8,1,3,60),(9,3,3,40),(10,5,3,15),
(11,1,4,50),(12,2,4,20),(13,6,4,10),
(14,1,5,40),(15,4,5,20),(16,3,5,30),
(17,1,6,35),(18,2,6,25),
(19,1,7,50),(20,3,7,30),
(21,1,8,40),(22,4,8,20),
(23,1,9,45),(24,2,9,25),
(25,1,10,50),(26,3,10,30),
(27,1,11,40),(28,4,11,20),
(29,1,12,35),(30,2,12,25),
(31,1,13,45),(32,3,13,30),
(33,1,14,50),(34,4,14,20),
(35,1,15,40),(36,3,15,25);

-- ============================================================
-- EMPLOYEE ALLOCATIONS: 2025-2020, 90 allocations, uneven
-- ============================================================

INSERT INTO employee_allocation (id, employee_id, teaching_activity_id, course_instance_id) VALUES
-- 2025 (course_instance_id 1-15)
(1,1,1,1),(2,2,2,1),(3,3,3,1),(4,4,1,2),(5,5,2,2),(6,6,4,2),(7,7,1,3),
(8,8,3,3),(9,9,1,3),(10,10,2,4),(11,11,1,4),(12,12,4,4),(13,13,1,5),
(14,14,2,5),(15,15,3,5),(16,16,1,6),(17,17,4,6),(18,18,1,6),(19,19,2,7),
(20,20,3,7),(21,1,1,8),(22,2,2,8),(23,3,3,9),(24,4,4,9),(25,5,1,10),
(26,6,2,10),(27,7,3,11),(28,8,4,11),(29,9,1,12),(30,10,2,12),

-- 2024 (course_instance_id 16-30)
(31,11,3,16),(32,12,1,16),(33,13,4,17),(34,14,1,17),(35,15,2,18),
(36,16,3,18),(37,17,1,19),(38,18,2,19),(39,19,4,19),(40,20,1,20),
(41,1,2,21),(42,2,3,21),(43,3,1,22),(44,4,4,22),(45,5,1,23),
(46,6,2,23),(47,7,3,24),(48,8,1,24),(49,9,2,25),(50,10,3,25),

-- 2023 (course_instance_id 31-45)
(51,11,1,31),(52,12,2,31),(53,13,3,32),(54,14,1,32),(55,15,4,33),
(56,16,2,33),(57,17,1,34),(58,18,3,34),(59,19,2,35),(60,20,4,35),
(61,1,1,36),(62,2,2,36),(63,3,3,37),(64,4,4,37),(65,5,1,38),
(66,6,2,38),(67,7,3,39),(68,8,1,39),(69,9,2,40),(70,10,3,40),

-- 2022 (course_instance_id 46-60)
(71,11,1,46),(72,12,4,46),(73,13,2,47),(74,14,3,47),(75,15,1,48),
(76,16,2,48),(77,17,3,49),(78,18,1,49),(79,19,2,50),(80,20,4,50),
(81,1,1,51),(82,2,2,51),(83,3,3,52),(84,4,4,52),(85,5,1,53),

-- 2021 (course_instance_id 61-75)
(86,6,2,61),(87,7,3,62),(88,8,4,63),(89,9,1,64),(90,10,2,65);

-- Continue similarly for all 90 instances
